{"gradients/fc2.bias": {"_type": "histogram", "values": [1.0, 0.0, 0.0, 0.0, 0.0, 1.0, 0.0, 0.0, 0.0, 0.0, 0.0, 0.0, 0.0, 0.0, 0.0, 0.0, 0.0, 0.0, 0.0, 0.0, 0.0, 0.0, 0.0, 0.0, 0.0, 0.0, 0.0, 0.0, 0.0, 0.0, 0.0, 0.0, 0.0, 0.0, 0.0, 1.0, 0.0, 0.0, 0.0, 0.0, 0.0, 0.0, 0.0, 0.0, 0.0, 0.0, 0.0, 0.0, 0.0, 0.0, 0.0, 0.0, 0.0, 0.0, 0.0, 0.0, 0.0, 0.0, 0.0, 0.0, 0.0, 0.0, 0.0, 1.0], "bins": [-0.041699886322021484, -0.04011470824480057, -0.03852953016757965, -0.036944348365068436, -0.03535917028784752, -0.0337739922106266, -0.03218881040811539, -0.03060363233089447, -0.029018454253673553, -0.027433276176452637, -0.02584809623658657, -0.024262916296720505, -0.022677738219499588, -0.02109256014227867, -0.019507380202412605, -0.01792220026254654, -0.016337022185325623, -0.014751843176782131, -0.01316666416823864, -0.011581485159695148, -0.009996306151151657, -0.008411127142608166, -0.006825948134064674, -0.005240769125521183, -0.0036555901169776917, -0.0020704111084342003, -0.0004852320998907089, 0.0010999469086527824, 0.002685125917196274, 0.004270304925739765, 0.0058554839342832565, 0.007440662942826748, 0.00902584195137024, 0.01061102095991373, 0.012196199968457222, 0.013781378977000713, 0.015366557985544205, 0.01695173606276512, 0.018536916002631187, 0.020122095942497253, 0.02170727401971817, 0.023292452096939087, 0.024877632036805153, 0.02646281197667122, 0.028047990053892136, 0.029633168131113052, 0.03121834807097912, 0.032803528010845184, 0.0343887060880661, 0.03597388416528702, 0.037559062242507935, 0.03914424404501915, 0.040729422122240067, 0.04231460019946098, 0.0438997820019722, 0.045484960079193115, 0.04707013815641403, 0.04865531623363495, 0.050240494310855865, 0.05182567611336708, 0.053410854190588, 0.054996032267808914, 0.05658121407032013, 0.058166392147541046, 0.05975157022476196]}, "_timestamp": 1721028598.711867, "gradients/fc2.weight": {"_type": "histogram", "values": [2.0, 0.0, 0.0, 0.0, 0.0, 0.0, 0.0, 0.0, 0.0, 0.0, 0.0, 0.0, 1.0, 0.0, 1.0, 0.0, 1.0, 2.0, 0.0, 1.0, 0.0, 3.0, 0.0, 0.0, 1.0, 1.0, 1.0, 2.0, 2.0, 3.0, 2.0, 5.0, 3.0, 957.0, 7.0, 4.0, 5.0, 3.0, 3.0, 3.0, 0.0, 3.0, 0.0, 2.0, 0.0, 1.0, 0.0, 0.0, 0.0, 0.0, 0.0, 0.0, 0.0, 1.0, 0.0, 1.0, 0.0, 0.0, 0.0, 0.0, 0.0, 1.0, 1.0, 1.0], "bins": [-0.2236911952495575, -0.21694907546043396, -0.21020695567131042, -0.2034648358821869, -0.19672271609306335, -0.18998059630393982, -0.18323847651481628, -0.17649635672569275, -0.1697542369365692, -0.16301211714744568, -0.15626999735832214, -0.1495278775691986, -0.14278575778007507, -0.13604363799095154, -0.129301518201828, -0.12255939841270447, -0.11581727117300034, -0.1090751513838768, -0.10233303159475327, -0.09559091180562973, -0.0888487920165062, -0.08210666477680206, -0.07536454498767853, -0.06862242519855499, -0.061880309134721756, -0.05513818934559822, -0.048396069556474686, -0.04165394604206085, -0.03491182625293732, -0.028169706463813782, -0.021427586674690247, -0.014685466885566711, -0.007943347096443176, -0.0012012268416583538, 0.005540893413126469, 0.012283014133572578, 0.019025133922696114, 0.025767255574464798, 0.03250937536358833, 0.03925149515271187, 0.0459936149418354, 0.05273573473095894, 0.059477854520082474, 0.06621997803449631, 0.07296209782361984, 0.07970421761274338, 0.08644633740186691, 0.09318845719099045, 0.09993057698011398, 0.10667269676923752, 0.11341481655836105, 0.12015693634748459, 0.12689906358718872, 0.13364118337631226, 0.1403833031654358, 0.14712542295455933, 0.15386754274368286, 0.1606096625328064, 0.16735178232192993, 0.17409390211105347, 0.180836021900177, 0.18757814168930054, 0.19432026147842407, 0.2010623812675476, 0.20780450105667114]}, "gradients/fc1.bias": {"_type": "histogram", "values": [1.0, 0.0, 0.0, 0.0, 0.0, 0.0, 0.0, 2.0, 1.0, 0.0, 0.0, 0.0, 1.0, 0.0, 0.0, 1.0, 0.0, 0.0, 0.0, 0.0, 2.0, 0.0, 0.0, 1.0, 0.0, 0.0, 0.0, 0.0, 0.0, 0.0, 1.0, 0.0, 0.0, 2.0, 232.0, 0.0, 0.0, 1.0, 0.0, 0.0, 2.0, 0.0, 1.0, 2.0, 0.0, 1.0, 0.0, 0.0, 0.0, 0.0, 0.0, 0.0, 0.0, 1.0, 1.0, 0.0, 0.0, 0.0, 0.0, 1.0, 0.0, 0.0, 0.0, 2.0], "bins": [-0.007750057615339756, -0.007522933650761843, -0.007295810151845217, -0.0070686861872673035, -0.00684156222268939, -0.006614438258111477, -0.006387314759194851, -0.006160190794616938, -0.005933066830039024, -0.005705942865461111, -0.005478819366544485, -0.005251695401966572, -0.0050245714373886585, -0.004797447472810745, -0.004570323973894119, -0.004343200009316206, -0.00411607651039958, -0.0038889527786523104, -0.003661828814074397, -0.0034347050823271275, -0.003207581117749214, -0.0029804573860019445, -0.002753333654254675, -0.0025262096896767616, -0.002299085957929492, -0.0020719622261822224, -0.001844838261604309, -0.0016177145298570395, -0.001390590681694448, -0.0011634668335318565, -0.0009363431017845869, -0.0007092192536219954, -0.000482095405459404, -0.000254971586400643, -2.784776734188199e-05, 0.00019927602261304855, 0.00042639987077564, 0.0006535237189382315, 0.0008806474506855011, 0.0011077712988480926, 0.001334895147010684, 0.0015620189951732755, 0.001789142843335867, 0.0020162665750831366, 0.002243390306830406, 0.0024705142714083195, 0.002697638003155589, 0.0029247617349028587, 0.003151885699480772, 0.0033790094312280416, 0.003606133395805955, 0.0038332571275532246, 0.004060381092131138, 0.004287504591047764, 0.004514628555625677, 0.00474175252020359, 0.004968876019120216, 0.00519599998369813, 0.005423123482614756, 0.005650247447192669, 0.005877371411770582, 0.0061044953763484955, 0.0063316188752651215, 0.006558742839843035, 0.006785866804420948]}, "gradients/fc1.weight": {"_type": "histogram", "values": [1.0, 0.0, 0.0, 0.0, 1.0, 1.0, 2.0, 1.0, 1.0, 3.0, 7.0, 4.0, 9.0, 14.0, 11.0, 17.0, 21.0, 33.0, 41.0, 41.0, 83.0, 80.0, 141.0, 165.0, 202.0, 310.0, 393.0, 529.0, 753.0, 1094.0, 1576.0, 2538.0, 4859.0, 12650.0, 4055986.0, 6325.0, 3026.0, 1720.0, 1130.0, 712.0, 464.0, 305.0, 210.0, 149.0, 110.0, 61.0, 56.0, 32.0, 36.0, 21.0, 18.0, 15.0, 9.0, 11.0, 7.0, 3.0, 3.0, 4.0, 1.0, 3.0, 0.0, 0.0, 0.0, 2.0], "bins": [-0.01321335881948471, -0.012826665304601192, -0.012439971789717674, -0.012053278274834156, -0.011666584759950638, -0.01127989124506712, -0.010893197730183601, -0.010506505146622658, -0.010119810700416565, -0.009733117185533047, -0.009346423670649529, -0.00895973015576601, -0.008573036640882492, -0.008186343125998974, -0.007799650076776743, -0.007412956561893225, -0.007026263512670994, -0.006639569997787476, -0.006252876482903957, -0.005866182968020439, -0.005479489453136921, -0.005092795938253403, -0.004706102889031172, -0.004319409374147654, -0.003932715859264135, -0.003546022344380617, -0.003159328829497099, -0.0027726355474442244, -0.002385942032560706, -0.001999248517677188, -0.0016125552356243134, -0.0012258617207407951, -0.0008391672745347023, -0.000452473817858845, -6.578036118298769e-05, 0.0003209130372852087, 0.0007076065521687269, 0.0010943000670522451, 0.0014809933491051197, 0.001867686863988638, 0.002254380378872156, 0.0026410738937556744, 0.0030277674086391926, 0.003414460690692067, 0.0038011542055755854, 0.00418784748762846, 0.004574541002511978, 0.004961234517395496, 0.005347928032279015, 0.005734621547162533, 0.006121315062046051, 0.006508008576929569, 0.0068947020918130875, 0.007281395606696606, 0.007668088655918837, 0.008054781705141068, 0.00844147615134716, 0.008828169666230679, 0.009214863181114197, 0.009601556695997715, 0.009988250210881233, 0.010374943725764751, 0.01076163724064827, 0.011148329824209213, 0.011535023339092731]}, "gradients/conv2.weight": {"_type": "histogram", "values": [1.0, 0.0, 0.0, 0.0, 0.0, 0.0, 1.0, 1.0, 2.0, 1.0, 3.0, 3.0, 5.0, 2.0, 3.0, 5.0, 7.0, 6.0, 16.0, 18.0, 24.0, 32.0, 28.0, 30.0, 39.0, 36.0, 50.0, 58.0, 57.0, 47.0, 58.0, 116.0, 341.0, 968.0, 21542.0, 462.0, 135.0, 82.0, 41.0, 14.0, 27.0, 25.0, 28.0, 38.0, 43.0, 30.0, 31.0, 26.0, 11.0, 9.0, 14.0, 9.0, 10.0, 6.0, 6.0, 9.0, 0.0, 3.0, 5.0, 5.0, 1.0, 0.0, 4.0, 2.0],