{"gradients/fc2.bias": {"_type": "histogram", "values": [1.0, 0.0, 0.0, 0.0, 0.0, 0.0, 0.0, 0.0, 0.0, 0.0, 0.0, 0.0, 0.0, 0.0, 0.0, 0.0, 0.0, 0.0, 1.0, 0.0, 0.0, 0.0, 0.0, 0.0, 0.0, 1.0, 0.0, 0.0, 0.0, 0.0, 0.0, 0.0, 0.0, 0.0, 0.0, 0.0, 0.0, 0.0, 0.0, 0.0, 0.0, 0.0, 0.0, 0.0, 0.0, 0.0, 0.0, 0.0, 0.0, 0.0, 0.0, 0.0, 0.0, 0.0, 0.0, 0.0, 0.0, 0.0, 0.0, 0.0, 0.0, 0.0, 0.0, 1.0], "bins": [-0.035466089844703674, -0.034158676862716675, -0.03285126015543938, -0.03154384717345238, -0.030236434191465378, -0.02892901934683323, -0.02762160450220108, -0.02631419152021408, -0.02500677853822708, -0.023699363693594933, -0.022391950711607933, -0.021084535866975784, -0.019777122884988785, -0.018469708040356636, -0.017162293195724487, -0.015854880213737488, -0.014547465369105339, -0.013240051455795765, -0.01193263754248619, -0.010625222697854042, -0.009317809715867043, -0.008010394871234894, -0.00670298095792532, -0.0053955670446157455, -0.004088153131306171, -0.0027807392179965973, -0.0014733250718563795, -0.00016591092571616173, 0.0011415029875934124, 0.0024489169009029865, 0.003756331279873848, 0.005063745193183422, 0.006371159106492996, 0.00767857301980257, 0.008985986933112144, 0.010293401777744293, 0.011600814759731293, 0.012908229604363441, 0.014215643517673016, 0.01552305743098259, 0.01683047041296959, 0.018137885257601738, 0.019445298239588737, 0.020752713084220886, 0.022060126066207886, 0.023367540910840034, 0.024674955755472183, 0.025982368737459183, 0.02728978358209133, 0.02859719842672348, 0.02990461140871048, 0.03121202625334263, 0.03251944109797478, 0.03382685407996178, 0.035134267061948776, 0.036441683769226074, 0.037749096751213074, 0.03905650973320007, 0.04036392644047737, 0.04167133942246437, 0.04297875240445137, 0.04428616538643837, 0.04559358209371567, 0.04690099507570267, 0.04820840805768967]}, "_timestamp": 1719991520.782371, "gradients/fc2.weight": {"_type": "histogram", "values": [1.0, 0.0, 0.0, 0.0, 0.0, 0.0, 0.0, 0.0, 0.0, 0.0, 0.0, 0.0, 0.0, 0.0, 2.0, 0.0, 1.0, 1.0, 0.0, 0.0, 2.0, 1.0, 0.0, 2.0, 2.0, 9.0, 5.0, 4.0, 18.0, 15.0, 928.0, 9.0, 4.0, 5.0, 1.0, 1.0, 2.0, 1.0, 4.0, 1.0, 0.0, 0.0, 0.0, 1.0, 0.0, 0.0, 0.0, 0.0, 0.0, 1.0, 1.0, 0.0, 0.0, 0.0, 0.0, 0.0, 0.0, 0.0, 0.0, 0.0, 1.0, 0.0, 0.0, 1.0], "bins": [-0.13633769750595093, -0.13180331885814667, -0.1272689402103424, -0.12273456901311874, -0.11820019781589508, -0.11366581916809082, -0.10913144052028656, -0.1045970693230629, -0.10006269812583923, -0.09552831947803497, -0.09099394828081131, -0.08645956963300705, -0.08192519843578339, -0.07739081978797913, -0.07285644114017487, -0.0683220699429512, -0.06378769129514694, -0.05925331637263298, -0.05471894145011902, -0.05018456280231476, -0.045650191605091095, -0.041115812957286835, -0.03658143803477287, -0.03204706311225891, -0.02751268818974495, -0.022978313267230988, -0.018443938344717026, -0.013909561559557915, -0.009375186637043953, -0.004840811714529991, -0.0003064349293708801, 0.004227939993143082, 0.008762314915657043, 0.013296689838171005, 0.017831064760684967, 0.022365441545844078, 0.02689981646835804, 0.03143419325351715, 0.03596856817603111, 0.040502943098545074, 0.045037318021059036, 0.049571692943573, 0.05410606786608696, 0.05864044278860092, 0.06317482143640518, 0.06770919263362885, 0.0722435712814331, 0.07677794992923737, 0.08131232112646103, 0.08584669977426529, 0.09038107097148895, 0.09491544961929321, 0.09944982081651688, 0.10398419946432114, 0.1085185706615448, 0.11305294930934906, 0.11758732795715332, 0.12212170660495758, 0.12665608525276184, 0.1311904489994049, 0.13572482764720917, 0.14025920629501343, 0.1447935849428177, 0.14932796359062195, 0.15386232733726501]}, "gradients/fc1.bias": {"_type": "histogram", "values": [1.0, 0.0, 0.0, 0.0, 0.0, 0.0, 0.0, 0.0, 0.0, 0.0, 0.0, 0.0, 0.0, 0.0, 0.0, 0.0, 0.0, 0.0, 0.0, 0.0, 0.0, 0.0, 0.0, 0.0, 0.0, 1.0, 0.0, 1.0, 2.0, 0.0, 0.0, 1.0, 0.0, 0.0, 0.0, 0.0, 0.0, 0.0, 0.0, 1.0, 0.0, 0.0, 0.0, 1.0, 1.0, 0.0, 3.0, 4.0, 226.0, 3.0, 2.0, 1.0, 0.0, 1.0, 0.0, 0.0, 0.0, 0.0, 1.0, 0.0, 0.0, 1.0, 0.0, 5.0], "bins": [-0.04895368590950966, -0.04793480411171913, -0.046915922313928604, -0.04589703679084778, -0.04487815499305725, -0.043859273195266724, -0.042840391397476196, -0.04182150959968567, -0.04080262780189514, -0.039783746004104614, -0.03876486420631409, -0.03774597868323326, -0.036727096885442734, -0.035708215087652206, -0.03468933328986168, -0.03367045149207115, -0.032651565968990326, -0.0316326841711998, -0.030613800510764122, -0.029594918712973595, -0.028576035052537918, -0.02755715325474739, -0.026538271456956863, -0.025519389659166336, -0.02450050599873066, -0.023481624200940132, -0.022462740540504456, -0.021443858742713928, -0.0204249769449234, -0.019406093284487724, -0.018387211486697197, -0.01736832782626152, -0.016349444165825844, -0.015330561436712742, -0.01431167870759964, -0.013292796909809113, -0.01227391418069601, -0.011255031451582909, -0.010236149653792381, -0.00921726692467928, -0.008198384195566177, -0.007179501466453075, -0.006160619203001261, -0.005141736939549446, -0.004122854210436344, -0.003103971481323242, -0.0020850892178714275, -0.0010662069544196129, -4.7324225306510925e-05, 0.0009715582709759474, 0.0019904407672584057, 0.003009323263540864, 0.004028205759823322, 0.005047088488936424, 0.006065970752388239, 0.0070848530158400536, 0.008103735744953156, 0.009122618474066257, 0.01014150120317936, 0.011160383000969887, 0.012179265730082989, 0.01319814845919609, 0.014217030256986618, 0.01523591298609972, 0.016254795715212822]}, "gradients/fc1.weight": {"_type": "histogram", "values": [2.0, 0.0, 1.0, 0.0, 1.0, 3.0, 7.0, 1.0, 6.0, 4.0, 9.0, 12.0, 11.0, 7.0, 11.0, 16.0, 9.0, 10.0, 6.0, 5.0, 4.0, 8.0, 4.0, 9.0, 12.0, 22.0, 30.0, 30.0, 62.0, 47.0, 87.0, 123.0, 197.0, 290.0, 196.0, 256.0, 360.0, 428.0, 892.0, 1577.0, 2077.0, 3789.0, 8043.0, 4066309.0, 5212.0, 2032.0, 2046.0, 720.0, 332.0, 220.0, 135.0, 95.0, 71.0, 44.0, 40.0, 17.0, 19.0, 9.0, 11.0, 12.0, 2.0, 3.0, 3.0, 4.0], "bins": [-0.011754725128412247, -0.011483305133879185, -0.011211886070668697, -0.010940466076135635, -0.010669047012925148, -0.010397627018392086, -0.010126207955181599, -0.009854787960648537, -0.00958336889743805, -0.009311948902904987, -0.0090405298396945, -0.008769109845161438, -0.00849769078195095, -0.008226270787417889, -0.007954851724207401, -0.007683431729674339, -0.007412011735141277, -0.007140592206269503, -0.006869172677397728, -0.006597753148525953, -0.006326333619654179, -0.006054913625121117, -0.005783494096249342, -0.005512074567377567, -0.005240655038505793, -0.004969235509634018, -0.004697815980762243, -0.004426396451890469, -0.004154976457357407, -0.0038835571613162756, -0.0036121373996138573, -0.0033407178707420826, -0.0030692988075315952, -0.0027978792786598206, -0.002526459749788046, -0.0022550399880856276, -0.001983620459213853, -0.0017122009303420782, -0.0014407812850549817, -0.0011693616397678852, -0.0008979421108961105, -0.000626522523816675, -0.00035510293673723936, -8.368334965780377e-05, 0.0001877362374216318, 0.0004591557662934065, 0.000730575411580503, 0.0010019950568675995, 0.0012734145857393742, 0.0015448341146111488, 0.0018162537598982453, 0.002087673405185342, 0.0023590929340571165, 0.002630512462928891, 0.0029019322246313095, 0.003173351753503084, 0.003444771282374859, 0.0037161908112466335, 0.003987610340118408, 0.004259029868990183, 0.0045304493978619576, 0.0048018693923950195, 0.005073288921266794, 0.005344708450138569, 0.0056161279790103436]}, "gradients/conv2.weight": {"_type": "histogram", "values": [1.0, 2.0, 1.0, 3.0, 2.0, 2.0, 3.0, 8.0, 4.0, 1.0, 7.0, 7.0, 3.0, 14.0, 21.0, 40.0, 64.0, 55.0, 32.0, 28.0, 36.0, 40.0, 21.0, 493.0, 22816.0, 335.0, 184.0, 116.0, 78.0, 41.0, 21.0, 17.0, 8.0, 4.0, 8.0, 9.0, 4.0, 2.0, 0.0, 2.0, 1.0, 2.0, 3.0, 4.0, 4.0, 2.0, 2.0, 3.0, 0.0, 1.0, 1.0, 1.0, 2.0, 1.0, 4.0, 0.0, 2.0, 1.0, 0.0, 2.0, 2.0, 1.0, 3.0, 1.0],